Workbook

Sheet 📊 Dashboard
A2: ⚡ PropDesk | MyFundedFutures Dashboard
A3: Proprietary Futures Trading Analytics
A5: ⚙ ACCOUNT SETTINGS | E5: 📈 LIVE STATS
B6: Account Size | C6: 50000 | E6: Current Balance | F6: ='📅 Calendar'!B35 -> 50000
B7: Starting Balance | C7: 50000 | E7: Net Profit | F7: ='📅 Calendar'!B36 -> 0
B8: Profit Target | C8: 3000 | E8: Largest Win Day | F8: ='📅 Calendar'!B37 -> 0
B9: Max Drawdown | C9: 2500 | E9: Trading Days | F9: ='📅 Calendar'!B38 -> 0
B10: Daily DD Limit | C10: 1500 | E10: Winning Days | F10: ='📅 Calendar'!B39 -> 0
B11: Required Buffer | C11: 2500 | E11: Losing Days | F11: ='📅 Calendar'!B40 -> 0
B12: Min Trading Days | C12: 8 | E12: Total Trades | F12: 0
B13: Consistency Limit | C13: 50% | E13: Avg Daily P&L | F13: ='📅 Calendar'!B41 -> 0
A16: 💰 PAYOUT STATUS
B17: Consistency % | E17: Eligible?
C18: =IF('📅 Calendar'!B37>0,('📅 Calendar'!B37/'📅 Calendar'!B36)*100,100) -> 100 | F18: =IF(B18<50,"✅ YES – REQUEST PAYOUT","❌ NOT YET") -> ✅ YES – REQUEST PAYOUT
B19: Remaining Profit | E19: Max Safe Today
C20: =MAX(0,('📅 Calendar'!B37/0.5)-'📅 Calendar'!B36) -> 0 | F20: =MAX(0,('📅 Calendar'!B37/0.5)-'📅 Calendar'!B36) -> 0
B21: Buffer | E21: Buffer Status
C22: =C7+'📅 Calendar'!B36-C9 -> 47500 | F22: =IF(B22>=C11,"✅ BUFFER OK","⚠️ LOW BUFFER") -> ⚠️ LOW BUFFER
A24: 📊 STATISTICS | E24: 📉 DRAWDOWN
B25: Win Rate | C25: ='📅 Calendar'!B42 -> 0 | E25: Max Drawdown | F25: =$C$9 -> 2500
B26: Profit Factor | C26: ='📅 Calendar'!B43 -> 999 | E26: Daily Limit | F26: =$C$10 -> 1500
B27: Avg Win | C27: ='📅 Calendar'!B44 -> 0 | E27: Buffer Needed | F27: =$C$11 -> 2500
B28: Avg Loss | C28: ='📅 Calendar'!B45 -> 0 | E28: Current Buffer | F28: =C7+'📅 Calendar'!B36-C9 -> 47500
B29: Largest Win | C29: ='📅 Calendar'!B37 -> 0
B30: Expectancy | C30: ='📅 Calendar'!B46 -> 0
A32: 🚦 PAYOUT TRAFFIC LIGHT
C33: =IF(B18<50,"🟢 GREEN – ELIGIBLE FOR PAYOUT",IF(B18<60,"🟡 YELLOW – ALMOST THERE","🔴 RED – KEEP TRADING")) -> 🟢 GREEN – ELIGIBLE FOR PAYOUT

Sheet 📅 Calendar
A2: 📅 Daily P&L Calendar – Just enter your daily profit/loss
A3: Enter profit as positive (+) and loss as negative (-) | Everything updates automatically
B5: # | C5: Date | D5: Day P&L | E5: Net P&L | F5: Largest Day | G5: Consistency % | H5: Eligible? | I5: Notes
B6: 1 | E6: =IF(D6="","",SUM($D$6:D6)) | F6: =IF(D6="","",MAX($D$6:D6)) | G6: =IF(OR(D6="",E6<=0),"",F6/E6*100) | H6: =IF(G6="","",IF(G6<50,"✅ YES","❌ NO"))
B7: 2 | E7: =IF(D7="","",SUM($D$6:D7)) | F7: =IF(D7="","",MAX($D$6:D7)) | G7: =IF(OR(D7="",E7<=0),"",F7/E7*100) | H7: =IF(G7="","",IF(G7<50,"✅ YES","❌ NO"))
B8: 3 | E8: =IF(D8="","",SUM($D$6:D8)) | F8: =IF(D8="","",MAX($D$6:D8)) | G8: =IF(OR(D8="",E8<=0),"",F8/E8*100) | H8: =IF(G8="","",IF(G8<50,"✅ YES","❌ NO"))
B9: 4 | E9: =IF(D9="","",SUM($D$6:D9)) | F9: =IF(D9="","",MAX($D$6:D9)) | G9: =IF(OR(D9="",E9<=0),"",F9/E9*100) | H9: =IF(G9="","",IF(G9<50,"✅ YES","❌ NO"))
B10: 5 | E10: =IF(D10="","",SUM($D$6:D10)) | F10: =IF(D10="","",MAX($D$6:D10)) | G10: =IF(OR(D10="",E10<=0),"",F10/E10*100) | H10: =IF(G10="","",IF(G10<50,"✅ YES","❌ NO"))
B11: 6 | E11: =IF(D11="","",SUM($D$6:D11)) | F11: =IF(D11="","",MAX($D$6:D11)) | G11: =IF(OR(D11="",E11<=0),"",F11/E11*100) | H11: =IF(G11="","",IF(G11<50,"✅ YES","❌ NO"))
B12: 7 | E12: =IF(D12="","",SUM($D$6:D12)) | F12: =IF(D12="","",MAX($D$6:D12)) | G12: =IF(OR(D12="",E12<=0),"",F12/E12*100) | H12: =IF(G12="","",IF(G12<50,"✅ YES","❌ NO"))
B13: 8 | E13: =IF(D13="","",SUM($D$6:D13)) | F13: =IF(D13="","",MAX($D$6:D13)) | G13: =IF(OR(D13="",E13<=0),"",F13/E13*100) | H13: =IF(G13="","",IF(G13<50,"✅ YES","❌ NO"))
B14: 9 | E14: =IF(D14="","",SUM($D$6:D14)) | F14: =IF(D14="","",MAX($D$6:D14)) | G14: =IF(OR(D14="",E14<=0),"",F14/E14*100) | H14: =IF(G14="","",IF(G14<50,"✅ YES","❌ NO"))
B15: 10 | E15: =IF(D15="","",SUM($D$6:D15)) | F15: =IF(D15="","",MAX($D$6:D15)) | G15: =IF(OR(D15="",E15<=0),"",F15/E15*100) | H15: =IF(G15="","",IF(G15<50,"✅ YES","❌ NO"))
B16: 11 | E16: =IF(D16="","",SUM($D$6:D16)) | F16: =IF(D16="","",MAX($D$6:D16)) | G16: =IF(OR(D16="",E16<=0),"",F16/E16*100) | H16: =IF(G16="","",IF(G16<50,"✅ YES","❌ NO"))
B17: 12 | E17: =IF(D17="","",SUM($D$6:D17)) | F17: =IF(D17="","",MAX($D$6:D17)) | G17: =IF(OR(D17="",E17<=0),"",F17/E17*100) | H17: =IF(G17="","",IF(G17<50,"✅ YES","❌ NO"))
... B31: 26 | E31: =IF(D31="","",SUM($D$6:D31)) | F31: =IF(D31="","",MAX($D$6:D31)) | G31: =IF(OR(D31="",E31<=0),"",F31/E31*100) | H31: =IF(G31="","",IF(G31<50,"✅ YES","❌ NO"))
B34: StartBalance
A35: Current Balance | B35: ='📊 Dashboard'!C7+B36 -> 50000
A36: Net Profit | B36: =SUM(D6:D31) -> 0
A37: Largest Win Day | B37: =IF(MAX(D6:D31)>0,MAX(D6:D31),0) -> 0
A38: Trading Days | B38: =COUNTA(C6:C31) -> 0
A39: Winning Days | B39: =COUNTIF(D6:D31,">0") -> 0
A40: Losing Days | B40: =COUNTIF(D6:D31,"<0") -> 0
A41: Avg Daily P&L | B41: =IF(B38>0,B36/B38,0) -> 0
A42: Win Rate | B42: =IF(B38>0,B39/B38,0) -> 0
A43: Profit Factor | B43: =IF(SUMIF(D6:D31,"<0",D6:D31)<>0,SUMIF(D6:D31,">0",D6:D31)/ABS(SUMIF(D6:D31,"<0",D6:D31)),999) -> 999
A44: Avg Win | B44: =IF(B39>0,AVERAGEIF(D6:D31,">0",D6:D31),0) -> 0
A45: Avg Loss | B45: =IF(B40>0,ABS(AVERAGEIF(D6:D31,"<0",D6:D31)),0) -> 0
A46: Expectancy | B46: =B42*B44-(1-B42)*B45 -> 0

Sheet 🧮 Consistency
A2: 🧮 Consistency Rule Calculator – MyFundedFutures 50% Rule
A4: 📥 YOUR NUMBERS | E4: 📤 CALCULATED RESULTS
B5: Net Profit (total) | C5: 3000 | E5: Consistency % | F5: =IF(C5>0,C6/C5*100,100) -> 33.333333
B6: Largest Winning Day | C6: 1000 | E6: Status | F6: =IF(F5<50,"✅ ELIGIBLE","❌ NOT YET") -> ✅ ELIGIBLE
B7: Today's P&L (projected) | C7: 0 | E7: Remaining Profit Needed | F7: =MAX(0,C6/0.5-C5) -> 0
E8: Max Safe Profit Today | F8: =MAX(0,C6/0.5-C5) -> 0
E9: Proj. Consistency | F9: =IF(C5+C7>0,C6/(C5+C7)*100,100) -> 33.333333
E10: After Today Status | F10: =IF((C5+C7)>0,IF(C6/(C5+C7)*100<50,"✅ ELIGIBLE","❌ NOT YET"),"–") -> ✅ ELIGIBLE
A13: 📖 EXAMPLE | The Exact Scenario from PropDesk Spec
B14: Largest Winning Day | C14: $526
B15: Initial Net Profit | C15: $857
B16: Consistency | C16: 61.38% ❌ NOT eligible
B17: Profit needed | C17: $195
B18: After earning $200:
B19: New Net Profit | C19: $1,057
B20: New Consistency | C20: 49.76% ✅ ELIGIBLE

Sheet 💸 Payout History
A2: 💸 Payout History – Every cycle stored forever
B4: # | C4: Start Date | D4: End Date | E4: Net Profit | F4: Largest Day | G4: Consistency | H4: Amount Paid | I4: Status | J4: Notes
B5: 1
B6: 2
B7: 3
B8: 4
B9: 5
B10: 6
B11: 7
B12: 8
B13: 9
B14: 10
B15: 11
B16: 12
... B24: 20
